INSERT INTO `category` VALUES ('LA','Laptop', 8),('MO','Monitor',9),('PC','Personal Computer',16);
INSERT INTO `location` VALUES ('HN','Hanoi'),('SG','Saigon');
INSERT INTO `asset` VALUES ('LA000001','Laptop Asus Vivobook S540','LA',1,'abc','2022-01-01','HN'),
                           ('LA000002','Laptop Dell 6630','LA',1,'abc','2022-01-01','HN'),
                           ('LA000003','Laptop Dell 7559','LA',0,'abc','2022-01-01','HN'),
                           ('LA000004','Laptop Asus Vivobook S540','LA',1,'laptop','2022-01-01','HN'),
                           ('LA000005','Laptop Dell 6630','LA',3,'this','2022-01-01','HN'),
                           ('LA000006','Laptop Dell 7559','LA',2,'is','2022-01-01','HN'),
                           ('LA000007','Laptop Asus Vivobook S540','LA',1,'my','2022-01-01','SG'),
                           ('LA000008','Laptop Dell 6630','LA',3,'full','2022-01-01','HN'),
                           ('MO000001','Monitor Dell','MO',1,'abc','2022-01-01','HN'),
                           ('MO000002','Monitor Asus','MO',0,'abc','2022-01-01','HN'),
                           ('MO000003','Monitor Gigabyte','MO',2,'abc','2022-07-21','HN'),
                           ('MO000004','Monitor Dell','MO',1,'sss','2022-01-01','HN'),
                           ('MO000005','Monitor Asus','MO',0,'ggg','2022-01-01','HN'),
                           ('MO000006','Monitor HP','MO',3,'hhhh','2022-07-21','HN'),
                           ('MO000007','Monitor Dell','MO',1,'dsds','2022-01-01','HN'),
                           ('MO000008','Monitor Asus','MO',3,'sss','2022-01-01','HN'),
                           ('MO000009','Monitor Gigabyte','MO',2,'hhh','2022-07-21','SG'),
                           ('PC000001','PC Dell','PC',1,'abc','2022-02-02','HN'),
                           ('PC000002','PC Gigabyte','PC',2,'abc','2022-07-21','HN'),
                           ('PC000003','PC Asus','PC',2,'abc','2022-07-10','HN'),
                           ('PC000004','PC Dell','PC',1,'lll','2022-02-02','HN'),
                           ('PC000005','PC Gigabyte','PC',2,'aaaa','2022-07-21','SG'),
                           ('PC000006','PC Asus','PC',4,'dd','2022-07-10','HN'),
                           ('PC000007','PC Dell','PC',3,'eee','2022-02-02','HN'),
                           ('PC000008','PC Gigabyte','PC',0,'hhhh','2022-07-21','SG'),
                           ('PC000009','PC Asus','PC',0,'rrr','2022-07-10','HN'),
                           ('PC000010','PC Dell','PC',0,'dfdss','2022-02-02','HN'),
                           ('PC000011','PC Gigabyte','PC',2,'hnfb','2022-07-21','SG'),
                           ('PC000012','PC Asus','PC',3,'ssss','2022-07-10','HN'),
                           ('PC000013','PC Dell','PC',2,'kkkk','2022-02-02','HN'),
                           ('PC000014','PC Gigabyte','PC',3,'dss','2022-07-21','SG'),
                           ('PC000015','PC Asus','PC',1,'sdsd','2022-07-10','HN'),
                           ('PC000016','PC Dell','PC',3,'tttt','2022-02-02','HN');
INSERT INTO `user` VALUES ('binhnv1','Bình','Nguyễn Văn','2017-05-12','2017-05-12','Male','ADMIN','SD0001','$2a$10$4xnXf5O4Di/xBKpiqueXI.lGQOS5rGaC/WoIl100HFSLVO8FaIADO','HN',1,0),('binhnv','Bình','Nguyễn Văn','2016-06-05','2016-06-05','Male','ADMIN','SD0023','$2a$10$KewEir.17z8kR.Zhauj5fevWLIoB8C0/8A.EOg.OIZLoI4OonEdhS','HN',1,1),('datnt','Đạt','Nguyễn Thành','1990-07-05','2022-07-14','Male','ADMIN','SD0002','$2a$10$KewEir.17z8kR.Zhauj5fevWLIoB8C0/8A.EOg.OIZLoI4OonEdhS','HN',1,1),('ducnh','Đức','Nguyễn Hoàng','2017-05-12','2017-05-12','Male','ADMIN','SD0003','$2a$10$KewEir.17z8kR.Zhauj5fevWLIoB8C0/8A.EOg.OIZLoI4OonEdhS','HN',1,1),('haidb','Hải','Đặng Bích ','2016-06-05','2016-06-05','Female','ADMIN','SD0022','$2a$10$KewEir.17z8kR.Zhauj5fevWLIoB8C0/8A.EOg.OIZLoI4OonEdhS','SG',1,1),('hoangdt','Hoàng','Đặng Thái','2016-06-05','2016-06-05','Male','ADMIN','SD0016','$2a$10$KewEir.17z8kR.Zhauj5fevWLIoB8C0/8A.EOg.OIZLoI4OonEdhS','HN',1,1),('khanhmq','Khánh','Mai Quốc','1990-06-26','2022-02-26','Female','STAFF','SD0004','$2a$10$KewEir.17z8kR.Zhauj5fevWLIoB8C0/8A.EOg.OIZLoI4OonEdhS','HN',1,1),('kiencq','Kiên','Cao Quốc','2016-06-05','2016-06-05','Male','STAFF','SD0017','$2a$10$KewEir.17z8kR.Zhauj5fevWLIoB8C0/8A.EOg.OIZLoI4OonEdhS','HN',1,1),('lamhk','Lâm','Hoàng Khánh','2017-05-12','2017-05-12','Male','ADMIN','SD0005','$2a$10$KewEir.17z8kR.Zhauj5fevWLIoB8C0/8A.EOg.OIZLoI4OonEdhS','HN',1,1),('longlt','Long','Lý Tiểu','2017-05-12','2017-05-12','Female','ADMIN','SD0006','$2a$10$KewEir.17z8kR.Zhauj5fevWLIoB8C0/8A.EOg.OIZLoI4OonEdhS','HN',1,1),('phucnx','Phúc','Nguyễn Xuân','2017-05-12','2017-05-12','Male','ADMIN','SD0007','$2a$10$KewEir.17z8kR.Zhauj5fevWLIoB8C0/8A.EOg.OIZLoI4OonEdhS','SG',1,1),('phuonghv','Phương','Hoàng Việt','2016-06-05','2018-12-03','Male','ADMIN','SD0008','$2a$10$KewEir.17z8kR.Zhauj5fevWLIoB8C0/8A.EOg.OIZLoI4OonEdhS','SG',1,0),('phuongtv','Phương','Tạ Viết','2017-05-12','2017-05-12','Male','ADMIN','SD0009','$2a$10$KewEir.17z8kR.Zhauj5fevWLIoB8C0/8A.EOg.OIZLoI4OonEdhS','SG',1,1),('quannk','Quân','Nguyễn Khánh','2000-12-31','2021-12-26','Male','ADMIN','SD0010','$2a$10$4xnXf5O4Di/xBKpiqueXI.lGQOS5rGaC/WoIl100HFSLVO8FaIADO','HN',1,0),('quocnp','Quốc','Nguyễn Phú','2016-06-05','2018-12-03','Female','STAFF','SD0011','$2a$10$KewEir.17z8kR.Zhauj5fevWLIoB8C0/8A.EOg.OIZLoI4OonEdhS','SG',1,1),('sangdx','Sang','Đỗ Xuân','1990-07-07','2022-07-14','Female','STAFF','SD0012','$2a$10$KewEir.17z8kR.Zhauj5fevWLIoB8C0/8A.EOg.OIZLoI4OonEdhS','SG',1,0),('sanghx','Sang','Hoa Xuân','2016-06-05','2016-06-05','Male','STAFF','SD0021','$2a$10$KewEir.17z8kR.Zhauj5fevWLIoB8C0/8A.EOg.OIZLoI4OonEdhS','SG',1,1),('sangmx','Sang','Mai Xuân','2000-07-07','2022-07-12','Female','STAFF','SD0013','$2a$10$KewEir.17z8kR.Zhauj5fevWLIoB8C0/8A.EOg.OIZLoI4OonEdhS','SG',1,1),('tamdd','Tâm','Đỗ Đức','2017-05-12','2017-05-12','Male','ADMIN','SD0014','$2a$10$KewEir.17z8kR.Zhauj5fevWLIoB8C0/8A.EOg.OIZLoI4OonEdhS','SG',1,1),('thachnn','Thạch','Nguyễn Ngọc','2016-06-05','2018-12-03','Male','STAFF','SD0015','$2a$10$KewEir.17z8kR.Zhauj5fevWLIoB8C0/8A.EOg.OIZLoI4OonEdhS','HN',1,0),('thuongtt','Thương','Trần Thị','2016-06-05','2016-06-05','Female','STAFF','SD0018','$2a$10$KewEir.17z8kR.Zhauj5fevWLIoB8C0/8A.EOg.OIZLoI4OonEdhS','SG',1,1),('truongnx','Trường','Nguyễn Xuân','1996-06-05','2016-06-05','Male','ADMIN','SD0020','$2a$10$BB4vjeTbJEVLf8ZDX0W9leqYXNe198.CTvSut.a7swZh5qO8mXqK.','HN',1,0),('tuyench','Tuyền','Cao Hoàng','2016-06-05','2016-06-05','Female','ADMIN','SD0019','$2a$10$KewEir.17z8kR.Zhauj5fevWLIoB8C0/8A.EOg.OIZLoI4OonEdhS','SG',1,1);
INSERT INTO `authority` VALUES (1,'quannk','ADMIN'),
                               (2,'khanhmq','STAFF'),
                               (3,'sangmx','STAFF'),(4,'binhnv1','ADMIN'),(5,'phucnx','ADMIN'),(6,'longlt','ADMIN'),(7,'datnt','ADMIN'),(8,'ducnh','ADMIN'),(9,'lamhk','ADMIN'),(10,'phuonghv','ADMIN'),(11,'phuongtv','ADMIN'),(12,'quocnp','STAFF'),(13,'sangdx','STAFF'),(14,'tamdd','ADMIN'),(15,'thachnn','STAFF'),(16,'hoangdt','ADMIN'),(17,'kiencq','STAFF'),(18,'thuongtt','STAFF'),(19,'tuyench','ADMIN'),(20,'sanghx','STAFF'),(21,'haidb','ADMIN'),(22,'binhnv','ADMIN'),(23,'truongnx','ADMIN');
